Submission,Date,Author,Link,Status
"Initial Report of the TSG on gTLD Integrations with Alternative Naming Systems Submission - estmcmxci.eth",2026-09-22,"Mark ""Marcus"" Martinez",https://www.icann.org/en/public-comment/proceeding/initial-report-of-the-tsg-on-gtld-integrations-with-alternative-naming-systems-10-08-2026/submissions/estmcmxcieth-21-09-2026,active
"Initial Report of the TSG on gTLD Integrations with Alternative Naming Systems Submission - Unregistry",2026-09-22,"Ageesen Sri",https://www.icann.org/en/public-comment/proceeding/initial-report-of-the-tsg-on-gtld-integrations-with-alternative-naming-systems-10-08-2026/submissions/unregistry-21-09-2026,active
"Initial Report of the TSG on gTLD Integrations with Alternative Naming Systems Submission - Intellectual Property Constituency",2026-09-22,"Margaret Milam",https://www.icann.org/en/public-comment/proceeding/initial-report-of-the-tsg-on-gtld-integrations-with-alternative-naming-systems-10-08-2026/submissions/intellectual-property-constituency-21-09-2026,active
"Initial Report of the TSG on gTLD Integrations with Alternative Naming Systems Submission - Netnod",2026-09-22,"Ulf Fredrik Karl Lindeberg",https://www.icann.org/en/public-comment/proceeding/initial-report-of-the-tsg-on-gtld-integrations-with-alternative-naming-systems-10-08-2026/submissions/netnod-21-09-2026,active
"Initial Report of the TSG on gTLD Integrations with Alternative Naming Systems Submission - Security and Stability Advisory Committee (SSAC)",2026-09-22,"SSAC Staff",https://www.icann.org/en/public-comment/proceeding/initial-report-of-the-tsg-on-gtld-integrations-with-alternative-naming-systems-10-08-2026/submissions/security-and-stability-advisory-committee-ssac-21-09-2026,active
"Initial Report of the TSG on gTLD Integrations with Alternative Naming Systems Submission - ENS Foundation",2026-09-22,"Alexander Urbelis",https://www.icann.org/en/public-comment/proceeding/initial-report-of-the-tsg-on-gtld-integrations-with-alternative-naming-systems-10-08-2026/submissions/ens-foundation-21-09-2026,active
"Initial Report of the TSG on gTLD Integrations with Alternative Naming Systems Submission - Policy staff in support of the At-Large Community, At-Large Advisory Committee (ALAC)",2026-09-22,"At-Large Advisory Committee (ALAC) Policy staff in support of the At-Large Community",https://www.icann.org/en/public-comment/proceeding/initial-report-of-the-tsg-on-gtld-integrations-with-alternative-naming-systems-10-08-2026/submissions/policy-staff-in-support-of-the-at-large-community-at-large-advisory-committee-alac-21-09-2026,active
"Initial Report of the TSG on gTLD Integrations with Alternative Naming Systems Submission - Avbenagha, Onovughakpo Oghenebrorie",2026-09-22,"Onovughakpo Oghenebrorie Avbenagha",https://www.icann.org/en/public-comment/proceeding/initial-report-of-the-tsg-on-gtld-integrations-with-alternative-naming-systems-10-08-2026/submissions/avbenagha-onovughakpo-oghenebrorie-21-09-2026,active
"Initial Report of the TSG on gTLD Integrations with Alternative Naming Systems Submission - CleanDNS Inc.",2026-09-22,"Alan Woods",https://www.icann.org/en/public-comment/proceeding/initial-report-of-the-tsg-on-gtld-integrations-with-alternative-naming-systems-10-08-2026/submissions/cleandns-inc-21-09-2026,active
"Initial Report of the TSG on gTLD Integrations with Alternative Naming Systems Submission - (RySG), Registries Stakeholder Group",2026-09-22,"Registries Stakeholder Group (RySG)",https://www.icann.org/en/public-comment/proceeding/initial-report-of-the-tsg-on-gtld-integrations-with-alternative-naming-systems-10-08-2026/submissions/rysg-registries-stakeholder-group-21-09-2026,active
"Initial Report of the TSG on gTLD Integrations with Alternative Naming Systems Submission - WIPO Arbitration and Mediation Center",2026-09-22,"Brian Beckham",https://www.icann.org/en/public-comment/proceeding/initial-report-of-the-tsg-on-gtld-integrations-with-alternative-naming-systems-10-08-2026/submissions/wipo-arbitration-and-mediation-center-21-09-2026,active
"Initial Report of the TSG on gTLD Integrations with Alternative Naming Systems Submission - Ministry of Electronics and Information Technology, Government of India",2026-09-21,"Dheeraj Dheeraj",https://www.icann.org/en/public-comment/proceeding/initial-report-of-the-tsg-on-gtld-integrations-with-alternative-naming-systems-10-08-2026/submissions/ministry-of-electronics-and-information-technology-government-of-india-21-09-2026,active
"Initial Report of the TSG on gTLD Integrations with Alternative Naming Systems Submission - .ART Domain Registry",2026-09-21,"Kurt Pritz",https://www.icann.org/en/public-comment/proceeding/initial-report-of-the-tsg-on-gtld-integrations-with-alternative-naming-systems-10-08-2026/submissions/art-domain-registry-20-09-2026,active
"Initial Report of the TSG on gTLD Integrations with Alternative Naming Systems Submission - Edwards, Mark",2026-09-19,"Mark Edwards",https://www.icann.org/en/public-comment/proceeding/initial-report-of-the-tsg-on-gtld-integrations-with-alternative-naming-systems-10-08-2026/submissions/edwards-mark-19-09-2026,active
"Initial Report of the TSG on gTLD Integrations with Alternative Naming Systems Submission - Bora",2026-09-19,"Boris Koren",https://www.icann.org/en/public-comment/proceeding/initial-report-of-the-tsg-on-gtld-integrations-with-alternative-naming-systems-10-08-2026/submissions/bora-19-09-2026,active
"Initial Report of the TSG on gTLD Integrations with Alternative Naming Systems Submission - Tucows Domains",2026-09-19,"Sarah Wyld",https://www.icann.org/en/public-comment/proceeding/initial-report-of-the-tsg-on-gtld-integrations-with-alternative-naming-systems-10-08-2026/submissions/tucows-domains-18-09-2026,active
"Initial Report of the TSG on gTLD Integrations with Alternative Naming Systems Submission - Registrar Stakeholder Group (RrSG)",2026-09-18,"Zoe Bonython",https://www.icann.org/en/public-comment/proceeding/initial-report-of-the-tsg-on-gtld-integrations-with-alternative-naming-systems-10-08-2026/submissions/registrar-stakeholder-group-rrsg-18-09-2026,active
"Initial Report of the TSG on gTLD Integrations with Alternative Naming Systems Submission Retracted - Liu, Samuel",2026-09-18,"Samuel Liu",https://www.icann.org/en/public-comment/proceeding/initial-report-of-the-tsg-on-gtld-integrations-with-alternative-naming-systems-10-08-2026/submissions/liu-samuel-17-09-2026,retracted
"Initial Report of the TSG on gTLD Integrations with Alternative Naming Systems Submission - Rand, Chris",2026-09-17,"Chris Rand",https://www.icann.org/en/public-comment/proceeding/initial-report-of-the-tsg-on-gtld-integrations-with-alternative-naming-systems-10-08-2026/submissions/rand-chris-17-09-2026,active
"Initial Report of the TSG on gTLD Integrations with Alternative Naming Systems Submission - D3 Global, Inc.",2026-09-17,"Kevin Kreuser",https://www.icann.org/en/public-comment/proceeding/initial-report-of-the-tsg-on-gtld-integrations-with-alternative-naming-systems-10-08-2026/submissions/d3-global-inc-16-09-2026,active
"Initial Report of the TSG on gTLD Integrations with Alternative Naming Systems Submission - Manoratana, Tiranest",2026-09-16,"Tiranest Manoratana",https://www.icann.org/en/public-comment/proceeding/initial-report-of-the-tsg-on-gtld-integrations-with-alternative-naming-systems-10-08-2026/submissions/manoratana-tiranest-16-09-2026,active
"Initial Report of the TSG on gTLD Integrations with Alternative Naming Systems Submission - The Internet Service Providers and Connectivity Providers Constituency (ISPCP)",2026-09-16,"Philippe Fouquart",https://www.icann.org/en/public-comment/proceeding/initial-report-of-the-tsg-on-gtld-integrations-with-alternative-naming-systems-10-08-2026/submissions/the-internet-service-providers-and-connectivity-providers-constituency-ispcp-15-09-2026,active
"Initial Report of the TSG on gTLD Integrations with Alternative Naming Systems Submission - Geurts, Theo",2026-09-15,"Theo Geurts",https://www.icann.org/en/public-comment/proceeding/initial-report-of-the-tsg-on-gtld-integrations-with-alternative-naming-systems-10-08-2026/submissions/geurts-theo-15-09-2026,active
"Initial Report of the TSG on gTLD Integrations with Alternative Naming Systems Submission - Poyhonen, Johan",2026-09-14,"Johan Poyhonen",https://www.icann.org/en/public-comment/proceeding/initial-report-of-the-tsg-on-gtld-integrations-with-alternative-naming-systems-10-08-2026/submissions/poyhonen-johan-14-09-2026,active
"Initial Report of the TSG on gTLD Integrations with Alternative Naming Systems Submission - Pinjaikul, Tanawat",2026-09-12,"Tanawat Pinjaikul",https://www.icann.org/en/public-comment/proceeding/initial-report-of-the-tsg-on-gtld-integrations-with-alternative-naming-systems-10-08-2026/submissions/pinjaikul-tanawat-12-09-2026,active
"Initial Report of the TSG on gTLD Integrations with Alternative Naming Systems Submission - Clowes, Thomas",2026-09-09,"Thomas Clowes",https://www.icann.org/en/public-comment/proceeding/initial-report-of-the-tsg-on-gtld-integrations-with-alternative-naming-systems-10-08-2026/submissions/clowes-thomas-09-09-2026,active
"Initial Report of the TSG on gTLD Integrations with Alternative Naming Systems Submission - Bird, Matthew",2026-09-09,"Matthew Bird",https://www.icann.org/en/public-comment/proceeding/initial-report-of-the-tsg-on-gtld-integrations-with-alternative-naming-systems-10-08-2026/submissions/bird-matthew-08-09-2026,active
"Initial Report of the TSG on gTLD Integrations with Alternative Naming Systems Submission - Barrett, Eric",2026-09-06,"Eric Barrett",https://www.icann.org/en/public-comment/proceeding/initial-report-of-the-tsg-on-gtld-integrations-with-alternative-naming-systems-10-08-2026/submissions/barrett-eric-06-09-2026,active
"Initial Report of the TSG on gTLD Integrations with Alternative Naming Systems Submission - Aristizábal, Juan David",2026-09-05,"Juan David Aristizábal",https://www.icann.org/en/public-comment/proceeding/initial-report-of-the-tsg-on-gtld-integrations-with-alternative-naming-systems-10-08-2026/submissions/aristizabal-juan-david-04-09-2026,active
"Initial Report of the TSG on gTLD Integrations with Alternative Naming Systems Submission Retracted - Krypto@Recht on X",2026-09-01,"Henning Jessen",https://www.icann.org/en/public-comment/proceeding/initial-report-of-the-tsg-on-gtld-integrations-with-alternative-naming-systems-10-08-2026/submissions/kryptorecht-on-x-01-09-2026,retracted
"Initial Report of the TSG on gTLD Integrations with Alternative Naming Systems Submission - Sayed, Omar",2026-09-01,"Omar Sayed",https://www.icann.org/en/public-comment/proceeding/initial-report-of-the-tsg-on-gtld-integrations-with-alternative-naming-systems-10-08-2026/submissions/sayed-omar-01-09-2026,active
"Initial Report of the TSG on gTLD Integrations with Alternative Naming Systems Submission - APlusDomains.Crypto",2026-09-01,"Jonathon Browne",https://www.icann.org/en/public-comment/proceeding/initial-report-of-the-tsg-on-gtld-integrations-with-alternative-naming-systems-10-08-2026/submissions/aplusdomainscrypto-31-08-2026,active
"Initial Report of the TSG on gTLD Integrations with Alternative Naming Systems Submission - Orchel, Grzegorz",2026-08-31,"Grzegorz Orchel",https://www.icann.org/en/public-comment/proceeding/initial-report-of-the-tsg-on-gtld-integrations-with-alternative-naming-systems-10-08-2026/submissions/orchel-grzegorz-30-08-2026,active
"Initial Report of the TSG on gTLD Integrations with Alternative Naming Systems Submission - Calderon-Serrano, Alfredo",2026-08-25,"Alfredo Calderon-Serrano",https://www.icann.org/en/public-comment/proceeding/initial-report-of-the-tsg-on-gtld-integrations-with-alternative-naming-systems-10-08-2026/submissions/calderon-serrano-alfredo-25-08-2026,active
"Initial Report of the TSG on gTLD Integrations with Alternative Naming Systems Submission - Nguyen Hong, Ha",2026-08-19,"Ha Nguyen Hong",https://www.icann.org/en/public-comment/proceeding/initial-report-of-the-tsg-on-gtld-integrations-with-alternative-naming-systems-10-08-2026/submissions/nguyen-hong-ha-19-08-2026,active
"Initial Report of the TSG on gTLD Integrations with Alternative Naming Systems Submission - duy, nguyen",2026-08-16,"nguyen duy",https://www.icann.org/en/public-comment/proceeding/initial-report-of-the-tsg-on-gtld-integrations-with-alternative-naming-systems-10-08-2026/submissions/duy-nguyen-16-08-2026,active
"Initial Report of the TSG on gTLD Integrations with Alternative Naming Systems Submission - Nguyen, Quynh",2026-08-15,"Quynh Nguyen",https://www.icann.org/en/public-comment/proceeding/initial-report-of-the-tsg-on-gtld-integrations-with-alternative-naming-systems-10-08-2026/submissions/nguyen-quynh-15-08-2026,active
"Initial Report of the TSG on gTLD Integrations with Alternative Naming Systems Submission - Darwin, Matthias",2026-08-15,"Matthias Darwin",https://www.icann.org/en/public-comment/proceeding/initial-report-of-the-tsg-on-gtld-integrations-with-alternative-naming-systems-10-08-2026/submissions/darwin-matthias-14-08-2026,active
"Initial Report of the TSG on gTLD Integrations with Alternative Naming Systems Submission - Nguyen, Nhat Huy",2026-08-12,"Nhat Huy Nguyen",https://www.icann.org/en/public-comment/proceeding/initial-report-of-the-tsg-on-gtld-integrations-with-alternative-naming-systems-10-08-2026/submissions/nguyen-nhat-huy-12-08-2026,active
"Initial Report of the TSG on gTLD Integrations with Alternative Naming Systems Submission - Ndubi, Laura",2026-08-12,"Laura Ndubi",https://www.icann.org/en/public-comment/proceeding/initial-report-of-the-tsg-on-gtld-integrations-with-alternative-naming-systems-10-08-2026/submissions/ndubi-laura-11-08-2026,active
